team_id,team_name,team_code,confederation,team_market_value_eur,fifa_rank,group_name
1,Australia,AUS,AFC,€77 450 000,27,D
2,Austria,AUT,UEFA,€245 200 000,24,J
3,Algeria,ALG,CAF,€256 900 000,28,J
4,England,ENG,UEFA,€1 360 000 000,4,L
5,Argentina,ARG,CONMEBOL,€807 500 000,1,J
6,Belgium,BEL,UEFA,€547 500 000,9,G
7,Bosnia and Herzegovina,BIH,UEFA,€146 400 000,64,B
8,Brazil,BRA,CONMEBOL,€928 200 000,6,C
9,Haiti,HAI,CONCACAF,€55 900 000,83,C
10,Ghana,GHA,CAF,€234 350 000,73,L
11,DR Congo,COD,CAF,€143 900 000,46,K
12,Ecuador,ECU,CONMEBOL,€368 700 000,23,E
13,Egypt,EGY,CAF,€116 480 000,29,G
14,Iraq,IRQ,AFC,€21 200 000,57,I
15,Iran,IRN,AFC,€32 050 000,20,G
16,Spain,ESP,UEFA,€1 220 000 000,2,H
17,Jordan,JOR,AFC,€20 300 000,63,J
18,Cape Verde,CPV,CAF,€54 500 000,67,H
19,Canada,CAN,CONCACAF,€198 650 000,30,B
20,Qatar,QAT,AFC,€19 930 000,56,B
21,Colombia,COL,CONMEBOL,€302 350 000,13,K
22,Ivory Coast,CIV,CAF,€522 100 000,33,E
23,Curacao,CUW,CONCACAF,€25 780 000,82,E
24,Morocco,MAR,CAF,€447 700 000,7,C
25,Mexico,MEX,CONCACAF,€191 850 000,14,A
26,Netherlands,NED,UEFA,€754 200 000,8,F
27,Germany,GER,UEFA,€947 000 000,10,E
28,New Zealand,NZL,OFC,€34 350 000,85,G
29,Norway,NOR,UEFA,€589 900 000,31,I
30,Panama,PAN,CONCACAF,€34 550 000,34,L
31,South Africa,RSA,CAF,€49 250 000,60,A
32,Paraguay,PAR,CONMEBOL,€153 650 000,41,D
33,South Korea,KOR,AFC,€139 050 000,25,A
34,Portugal,POR,UEFA,€1 010 000 000,5,K
35,Saudi Arabia,KSA,AFC,€40 680 000,61,H
36,Senegal,SEN,CAF,€478 100 000,15,I
37,USA,USA,CONCACAF,€385 650 000,17,D
38,Tunisia,TUN,CAF,€69 950 000,45,F
39,Turkey,TUR,UEFA,€473 700 000,22,D
40,Uzbekistan,UZB,AFC,€85 330 000,50,K
41,Uruguay,URU,CONMEBOL,€359 300 000,16,H
42,France,FRA,UEFA,€1 520 000 000,3,I
43,Croatia,CRO,UEFA,€387 300 000,11,L
44,Czech Republic,CZE,UEFA,€188 180 000,40,A
45,Switzerland,SUI,UEFA,€332 500 000,19,B
46,Sweden,SWE,UEFA,€406 080 000,38,F
47,Scotland,SCO,UEFA,€170 250 000,42,C
48,Japan,JPN,AFC,€270 850 000,18,F